train_id,route_id,date,departure_time,delay_minutes,occupancy_pct,platform_number,cause
12004,MUM-DEL,2024-01-01,05:15,23,212.2,2,Passenger Boarding
12009,MUM-DEL,2024-01-01,12:00,21,726.8,4,Mechanical Issue
12013,MUM-DEL,2024-01-01,13:00,12,368.1,7,Signal Fault
12014,DEL-CHE,2024-01-01,05:15,8,156.0,6,Weather
12017,DEL-CHE,2024-01-01,09:45,24,852.6,6,Signal Fault
12021,DEL-CHE,2024-01-01,10:00,34,337.9,2,Platform Unavailable
12023,DEL-CHE,2024-01-01,18:00,23,614.3,6,Signal Fault
12025,DEL-CHE,2024-01-01,21:00,7,520.8,5,Track Congestion
12028,BLR-HYD,2024-01-01,13:30,26,336.8,4,Signal Fault
12032,BLR-HYD,2024-01-01,17:00,10,448.4,4,Passenger Boarding
12035,BLR-HYD,2024-01-01,19:45,26,529.5,4,Signal Fault
12039,KOL-DEL,2024-01-01,06:45,11,214.3,6,Platform Unavailable
12041,KOL-DEL,2024-01-01,12:45,9,303.2,5,Crew Delay
12043,KOL-DEL,2024-01-01,15:30,16,262.8,7,Track Congestion
12047,MUM-GOA,2024-01-01,07:00,30,244.1,3,Platform Unavailable
12050,MUM-GOA,2024-01-01,17:00,21,382.9,8,Passenger Boarding
12053,MUM-GOA,2024-01-01,20:00,29,210.6,5,Crew Delay
12056,MUM-GOA,2024-01-01,21:00,5,255.0,8,Weather
12061,CHE-BLR,2024-01-01,08:15,22,741.8,3,Track Congestion
12064,CHE-BLR,2024-01-01,14:00,8,266.1,1,Mechanical Issue
12068,CHE-BLR,2024-01-01,18:30,7,979.7,2,Track Congestion
12072,CHE-BLR,2024-01-01,21:00,9,254.4,3,Mechanical Issue
12077,DEL-JAI,2024-01-01,08:15,19,612.8,6,Weather
12078,DEL-JAI,2024-01-01,13:45,15,579.8,2,Weather
12079,DEL-JAI,2024-01-01,18:15,27,765.1,2,Track Congestion
12084,DEL-JAI,2024-01-01,21:15,7,697.0,6,Crew Delay
12088,HYD-MUM,2024-01-01,11:15,12,206.0,8,Mechanical Issue
12092,HYD-MUM,2024-01-01,13:45,16,309.0,7,Signal Fault
12093,HYD-MUM,2024-01-01,20:45,26,303.2,1,Track Congestion
12095,HYD-MUM,2024-01-01,22:00,12,171.9,2,Passenger Boarding
12100,MUM-DEL,2024-01-02,09:15,19,880.4,2,Mechanical Issue
12102,MUM-DEL,2024-01-02,11:00,7,884.0,1,Platform Unavailable
12106,MUM-DEL,2024-01-02,19:15,32,721.0,4,Track Congestion
12110,MUM-DEL,2024-01-02,22:00,13,346.9,7,Track Congestion
12113,DEL-CHE,2024-01-02,08:15,28,881.0,1,Crew Delay
12118,DEL-CHE,2024-01-02,09:00,6,862.3,3,Passenger Boarding
12120,DEL-CHE,2024-01-02,18:00,26,831.7,2,Weather
12125,DEL-CHE,2024-01-02,20:45,23,495.0,4,Weather
12128,DEL-CHE,2024-01-02,21:00,34,230.9,6,Crew Delay
12129,BLR-HYD,2024-01-02,11:15,15,260.7,8,Crew Delay
12134,BLR-HYD,2024-01-02,12:00,7,305.2,2,Weather
12135,BLR-HYD,2024-01-02,13:15,33,236.5,6,Mechanical Issue
12140,BLR-HYD,2024-01-02,15:15,31,354.4,8,Signal Fault
12145,KOL-DEL,2024-01-02,05:00,28,161.2,2,Weather
12148,KOL-DEL,2024-01-02,14:15,27,338.9,4,Track Congestion
12152,KOL-DEL,2024-01-02,15:15,21,307.0,5,Mechanical Issue
12155,KOL-DEL,2024-01-02,19:30,31,900.5,7,Track Congestion
12158,KOL-DEL,2024-01-02,21:00,25,583.8,3,Weather
12161,MUM-GOA,2024-01-02,06:45,33,144.3,6,Signal Fault
12166,MUM-GOA,2024-01-02,18:30,16,549.7,2,Crew Delay
12168,MUM-GOA,2024-01-02,19:45,32,308.6,4,Mechanical Issue
12173,CHE-BLR,2024-01-02,10:45,11,881.0,4,Weather
12174,CHE-BLR,2024-01-02,16:30,12,649.4,4,Weather
12177,CHE-BLR,2024-01-02,18:15,35,765.5,2,Passenger Boarding
12178,DEL-JAI,2024-01-02,05:30,6,217.6,5,Signal Fault
12183,DEL-JAI,2024-01-02,06:45,18,286.0,6,Platform Unavailable
12184,DEL-JAI,2024-01-02,15:00,13,590.2,4,Platform Unavailable
12188,DEL-JAI,2024-01-02,17:45,16,1509.2,4,Passenger Boarding
12189,DEL-JAI,2024-01-02,21:00,26,365.4,6,Track Congestion
12193,HYD-MUM,2024-01-02,10:30,26,331.9,7,Passenger Boarding
12194,HYD-MUM,2024-01-02,11:15,22,228.6,7,Weather
12198,HYD-MUM,2024-01-02,14:30,19,265.8,6,Mechanical Issue
12200,HYD-MUM,2024-01-02,18:45,30,438.4,8,Mechanical Issue
12202,HYD-MUM,2024-01-02,21:00,7,325.8,6,Passenger Boarding
12206,MUM-DEL,2024-01-03,05:15,19,143.2,2,Track Congestion
12208,MUM-DEL,2024-01-03,09:15,17,666.1,8,Weather
12212,MUM-DEL,2024-01-03,11:15,29,396.1,2,Track Congestion
12217,MUM-DEL,2024-01-03,12:15,6,580.8,8,Signal Fault
12222,MUM-DEL,2024-01-03,19:15,26,1080.3,8,Signal Fault
12225,DEL-CHE,2024-01-03,13:45,19,435.1,8,Crew Delay
12227,DEL-CHE,2024-01-03,18:15,25,489.4,8,Track Congestion
12230,DEL-CHE,2024-01-03,19:30,12,564.2,5,Crew Delay
12232,DEL-CHE,2024-01-03,20:30,9,340.2,2,Mechanical Issue
12236,DEL-CHE,2024-01-03,21:15,7,326.9,4,Platform Unavailable
12244,BLR-HYD,2024-01-03,08:30,22,331.2,7,Platform Unavailable
12245,BLR-HYD,2024-01-03,11:15,20,304.1,7,Passenger Boarding
12247,BLR-HYD,2024-01-03,15:45,28,300.9,7,Passenger Boarding
12251,BLR-HYD,2024-01-03,18:45,34,725.8,1,Crew Delay
12255,BLR-HYD,2024-01-03,19:00,32,719.8,3,Track Congestion
12259,KOL-DEL,2024-01-03,06:15,13,205.0,7,Track Congestion
12262,KOL-DEL,2024-01-03,10:30,35,691.2,1,Passenger Boarding
12263,KOL-DEL,2024-01-03,13:15,29,238.5,1,Platform Unavailable
12265,KOL-DEL,2024-01-03,17:15,12,732.2,3,Platform Unavailable
12267,MUM-GOA,2024-01-03,08:30,29,524.6,2,Crew Delay
12271,MUM-GOA,2024-01-03,09:30,23,632.9,5,Passenger Boarding
12274,MUM-GOA,2024-01-03,11:45,8,183.9,4,Crew Delay
12279,MUM-GOA,2024-01-03,16:00,16,242.9,1,Mechanical Issue
12283,MUM-GOA,2024-01-03,17:45,5,323.2,6,Weather
12287,MUM-GOA,2024-01-03,19:45,25,592.6,6,Passenger Boarding
12289,CHE-BLR,2024-01-03,10:45,15,466.3,5,Weather
12293,CHE-BLR,2024-01-03,13:00,29,375.6,4,Platform Unavailable
12297,CHE-BLR,2024-01-03,14:45,10,368.0,6,Track Congestion
12302,CHE-BLR,2024-01-03,18:15,13,671.0,6,Mechanical Issue
12306,DEL-JAI,2024-01-03,05:45,27,168.5,4,Crew Delay
12308,DEL-JAI,2024-01-03,06:45,14,264.2,2,Passenger Boarding
12313,DEL-JAI,2024-01-03,08:45,20,609.8,6,Crew Delay
12317,DEL-JAI,2024-01-03,11:30,16,539.6,6,Weather
12319,DEL-JAI,2024-01-03,22:30,28,329.3,2,Passenger Boarding
12321,HYD-MUM,2024-01-03,08:45,8,478.6,5,Mechanical Issue
12326,HYD-MUM,2024-01-03,10:30,5,453.8,5,Weather
12329,HYD-MUM,2024-01-03,11:15,22,318.6,1,Signal Fault
12330,HYD-MUM,2024-01-03,16:15,8,299.4,8,Platform Unavailable
12331,HYD-MUM,2024-01-03,22:30,10,171.0,6,Mechanical Issue
12333,MUM-DEL,2024-01-04,07:00,9,360.4,1,Weather
12337,MUM-DEL,2024-01-04,08:30,22,1032.3,2,Track Congestion
12341,MUM-DEL,2024-01-04,11:15,34,357.2,8,Passenger Boarding
12346,MUM-DEL,2024-01-04,12:30,23,384.5,5,Mechanical Issue
12348,MUM-DEL,2024-01-04,20:00,35,389.8,2,Signal Fault
12352,DEL-CHE,2024-01-04,07:15,18,243.4,1,Platform Unavailable
12355,DEL-CHE,2024-01-04,08:45,27,593.2,5,Crew Delay
12360,DEL-CHE,2024-01-04,10:45,30,787.1,5,Crew Delay
12362,DEL-CHE,2024-01-04,13:15,25,286.1,4,Crew Delay
12363,BLR-HYD,2024-01-04,06:30,19,138.3,5,Crew Delay
12366,BLR-HYD,2024-01-04,07:45,35,188.3,7,Mechanical Issue
12370,BLR-HYD,2024-01-04,09:45,33,460.3,1,Signal Fault
12375,BLR-HYD,2024-01-04,17:30,12,469.0,2,Signal Fault
12376,BLR-HYD,2024-01-04,21:00,23,213.6,5,Crew Delay
12380,KOL-DEL,2024-01-04,19:30,25,828.5,7,Track Congestion
12381,KOL-DEL,2024-01-04,20:00,15,386.3,6,Passenger Boarding
12385,KOL-DEL,2024-01-04,21:15,14,399.1,8,Crew Delay
12386,KOL-DEL,2024-01-04,22:00,15,192.4,5,Passenger Boarding
12392,MUM-GOA,2024-01-04,08:15,8,492.4,8,Mechanical Issue
12396,MUM-GOA,2024-01-04,11:15,22,176.8,1,Signal Fault
12397,MUM-GOA,2024-01-04,19:00,19,444.2,2,Platform Unavailable
12400,MUM-GOA,2024-01-04,21:15,21,206.5,5,Crew Delay
12405,MUM-GOA,2024-01-04,22:45,19,134.5,4,Weather
12410,CHE-BLR,2024-01-04,09:00,15,694.4,7,Crew Delay
12415,CHE-BLR,2024-01-04,11:30,31,663.5,5,Track Congestion
12418,CHE-BLR,2024-01-04,17:45,16,800.6,8,Track Congestion
12420,CHE-BLR,2024-01-04,18:45,27,696.0,4,Signal Fault
12421,DEL-JAI,2024-01-04,06:45,20,254.7,3,Mechanical Issue
12422,DEL-JAI,2024-01-04,10:15,32,699.4,6,Crew Delay
12424,DEL-JAI,2024-01-04,12:45,5,715.8,8,Weather
12427,DEL-JAI,2024-01-04,16:45,20,545.5,2,Platform Unavailable
12430,DEL-JAI,2024-01-04,18:30,32,852.0,2,Weather
12435,DEL-JAI,2024-01-04,22:45,32,312.4,8,Weather
12436,HYD-MUM,2024-01-04,07:15,29,178.6,2,Weather
12439,HYD-MUM,2024-01-04,12:45,6,418.8,1,Platform Unavailable
12441,HYD-MUM,2024-01-04,14:00,9,256.2,7,Crew Delay
12445,MUM-DEL,2024-01-05,06:15,12,229.8,3,Signal Fault
12449,MUM-DEL,2024-01-05,10:30,33,588.4,1,Weather
12452,MUM-DEL,2024-01-05,11:30,19,409.0,2,Weather
12455,MUM-DEL,2024-01-05,14:30,19,299.6,5,Signal Fault
12459,MUM-DEL,2024-01-05,21:15,12,371.7,2,Track Congestion
12463,MUM-DEL,2024-01-05,22:30,5,249.4,5,Mechanical Issue
12465,DEL-CHE,2024-01-05,05:15,25,97.4,4,Crew Delay
12466,DEL-CHE,2024-01-05,06:30,25,144.9,3,Crew Delay
12469,DEL-CHE,2024-01-05,09:00,23,701.5,1,Track Congestion
12473,DEL-CHE,2024-01-05,18:15,28,843.8,6,Passenger Boarding
12478,DEL-CHE,2024-01-05,20:15,21,505.9,6,Crew Delay
12480,BLR-HYD,2024-01-05,09:30,9,401.6,2,Mechanical Issue
12484,BLR-HYD,2024-01-05,10:45,30,279.9,2,Platform Unavailable
12487,BLR-HYD,2024-01-05,13:00,16,344.8,8,Platform Unavailable
12489,BLR-HYD,2024-01-05,17:45,26,423.8,2,Weather
12494,BLR-HYD,2024-01-05,20:45,34,527.7,6,Mechanical Issue
12498,KOL-DEL,2024-01-05,07:45,14,460.8,1,Passenger Boarding
12502,KOL-DEL,2024-01-05,14:00,17,451.2,3,Platform Unavailable
12504,KOL-DEL,2024-01-05,15:30,23,346.3,7,Signal Fault
12508,KOL-DEL,2024-01-05,19:45,24,510.8,8,Crew Delay
12511,MUM-GOA,2024-01-05,06:15,22,125.6,6,Mechanical Issue
12515,MUM-GOA,2024-01-05,11:00,35,271.5,2,Signal Fault
12518,MUM-GOA,2024-01-05,12:00,6,198.8,1,Track Congestion
12523,MUM-GOA,2024-01-05,16:15,7,455.8,4,Signal Fault
12525,MUM-GOA,2024-01-05,19:15,15,366.7,4,Track Congestion
12526,CHE-BLR,2024-01-05,09:30,9,494.6,1,Track Congestion
12528,CHE-BLR,2024-01-05,13:30,5,230.6,6,Signal Fault
12529,CHE-BLR,2024-01-05,21:30,21,529.3,7,Track Congestion
12534,DEL-JAI,2024-01-05,16:00,28,615.8,1,Signal Fault
12538,DEL-JAI,2024-01-05,19:30,6,771.7,1,Crew Delay
12542,DEL-JAI,2024-01-05,20:45,27,642.0,8,Crew Delay
12547,HYD-MUM,2024-01-05,07:00,17,313.6,6,Track Congestion
12548,HYD-MUM,2024-01-05,09:30,8,502.7,7,Crew Delay
12551,HYD-MUM,2024-01-05,15:15,18,311.8,4,Weather
12552,MUM-DEL,2024-01-06,08:30,7,1041.8,8,Weather
12554,MUM-DEL,2024-01-06,10:00,30,1090.0,6,Signal Fault
12555,MUM-DEL,2024-01-06,11:00,26,616.8,6,Passenger Boarding
12556,MUM-DEL,2024-01-06,17:45,32,1071.9,7,Mechanical Issue
12561,MUM-DEL,2024-01-06,18:30,23,814.9,2,Mechanical Issue
12562,MUM-DEL,2024-01-06,19:15,32,1100.0,4,Mechanical Issue
12565,DEL-CHE,2024-01-06,08:15,24,487.8,1,Signal Fault
12568,DEL-CHE,2024-01-06,09:00,34,977.8,5,Track Congestion
12572,DEL-CHE,2024-01-06,16:30,23,955.7,3,Passenger Boarding
12577,DEL-CHE,2024-01-06,17:00,7,977.4,1,Signal Fault
12580,DEL-CHE,2024-01-06,22:15,10,260.8,6,Track Congestion
12584,BLR-HYD,2024-01-06,06:00,26,149.5,8,Track Congestion
12589,BLR-HYD,2024-01-06,07:45,11,229.3,5,Weather
12594,BLR-HYD,2024-01-06,15:00,26,431.2,5,Weather
12598,BLR-HYD,2024-01-06,19:45,12,571.3,1,Crew Delay
12600,BLR-HYD,2024-01-06,21:00,29,563.5,4,Platform Unavailable
12605,KOL-DEL,2024-01-06,05:45,21,186.0,4,Passenger Boarding
12606,KOL-DEL,2024-01-06,08:30,18,1044.5,1,Platform Unavailable
12610,KOL-DEL,2024-01-06,12:45,23,697.0,7,Passenger Boarding
12613,KOL-DEL,2024-01-06,14:45,35,446.7,1,Crew Delay
12616,KOL-DEL,2024-01-06,15:15,31,374.8,8,Track Congestion
12619,MUM-GOA,2024-01-06,08:45,17,387.7,2,Track Congestion
12624,MUM-GOA,2024-01-06,12:30,7,336.3,3,Crew Delay
12626,MUM-GOA,2024-01-06,18:00,16,497.6,6,Weather
12630,CHE-BLR,2024-01-06,08:15,10,659.9,2,Mechanical Issue
12635,CHE-BLR,2024-01-06,09:45,26,685.3,8,Mechanical Issue
12639,CHE-BLR,2024-01-06,13:30,7,365.9,8,Signal Fault
12640,CHE-BLR,2024-01-06,22:45,23,216.8,5,Weather
12641,DEL-JAI,2024-01-06,07:00,7,786.2,5,Crew Delay
12646,DEL-JAI,2024-01-06,12:45,19,643.0,1,Passenger Boarding
12647,DEL-JAI,2024-01-06,14:15,35,659.3,3,Weather
12648,DEL-JAI,2024-01-06,19:45,27,1561.7,6,Crew Delay
12653,DEL-JAI,2024-01-06,21:15,19,1242.7,8,Signal Fault
12656,HYD-MUM,2024-01-06,11:45,30,283.2,1,Passenger Boarding
12659,HYD-MUM,2024-01-06,14:00,14,374.1,7,Mechanical Issue
12662,HYD-MUM,2024-01-06,16:15,34,544.1,3,Mechanical Issue
12667,HYD-MUM,2024-01-06,22:30,9,185.2,7,Passenger Boarding
12671,MUM-DEL,2024-01-07,14:15,25,405.1,2,Passenger Boarding
12673,MUM-DEL,2024-01-07,15:30,35,1067.3,3,Platform Unavailable
12675,MUM-DEL,2024-01-07,17:30,9,653.0,4,Platform Unavailable
12677,DEL-CHE,2024-01-07,06:30,9,158.3,7,Platform Unavailable
12681,DEL-CHE,2024-01-07,08:15,28,472.9,3,Track Congestion
12686,DEL-CHE,2024-01-07,14:00,19,385.9,4,Weather
12689,BLR-HYD,2024-01-07,09:45,19,983.7,8,Signal Fault
12691,BLR-HYD,2024-01-07,12:45,31,289.4,3,Mechanical Issue
12694,BLR-HYD,2024-01-07,17:15,32,769.2,8,Passenger Boarding
12695,BLR-HYD,2024-01-07,19:00,14,399.1,2,Weather
12699,BLR-HYD,2024-01-07,21:15,31,380.8,3,Track Congestion
12703,KOL-DEL,2024-01-07,12:00,12,505.3,6,Crew Delay
12704,KOL-DEL,2024-01-07,16:00,34,664.4,6,Signal Fault
12708,KOL-DEL,2024-01-07,19:30,14,485.4,1,Track Congestion
12713,MUM-GOA,2024-01-07,05:00,22,151.2,3,Track Congestion
12714,MUM-GOA,2024-01-07,19:45,14,724.8,4,Crew Delay
12715,MUM-GOA,2024-01-07,20:00,7,414.9,8,Track Congestion
12717,MUM-GOA,2024-01-07,21:45,27,233.1,4,Track Congestion
12720,CHE-BLR,2024-01-07,05:45,21,219.4,2,Platform Unavailable
12724,CHE-BLR,2024-01-07,08:00,17,631.9,1,Weather
12725,CHE-BLR,2024-01-07,14:00,13,417.3,6,Crew Delay
12726,CHE-BLR,2024-01-07,16:30,28,501.4,4,Crew Delay
12728,CHE-BLR,2024-01-07,18:30,31,995.0,6,Weather
12730,DEL-JAI,2024-01-07,06:45,30,558.2,1,Crew Delay
12735,DEL-JAI,2024-01-07,09:00,31,1168.0,7,Passenger Boarding
12738,DEL-JAI,2024-01-07,10:45,14,1068.1,4,Weather
12741,DEL-JAI,2024-01-07,16:00,30,655.6,2,Weather
12743,DEL-JAI,2024-01-07,17:45,15,1083.6,7,Signal Fault
12744,DEL-JAI,2024-01-07,20:45,30,619.2,5,Weather
12748,HYD-MUM,2024-01-07,07:00,14,447.4,5,Crew Delay
12749,HYD-MUM,2024-01-07,09:45,19,754.9,6,Mechanical Issue
12750,HYD-MUM,2024-01-07,10:30,25,388.4,5,Signal Fault
12752,HYD-MUM,2024-01-07,13:00,21,234.4,6,Passenger Boarding
12754,HYD-MUM,2024-01-07,18:00,6,812.8,8,Signal Fault
12758,HYD-MUM,2024-01-07,20:00,16,594.4,6,Mechanical Issue
12761,MUM-DEL,2024-01-08,09:30,21,786.4,3,Weather
12762,MUM-DEL,2024-01-08,16:45,35,587.3,4,Weather
12767,MUM-DEL,2024-01-08,19:00,34,590.3,7,Weather
12768,DEL-CHE,2024-01-08,13:15,11,286.2,8,Weather
12771,DEL-CHE,2024-01-08,19:15,7,838.9,8,Crew Delay
12774,DEL-CHE,2024-01-08,22:30,33,140.5,5,Passenger Boarding
12777,BLR-HYD,2024-01-08,06:15,5,112.1,8,Mechanical Issue
12778,BLR-HYD,2024-01-08,10:30,24,423.2,3,Track Congestion
12782,BLR-HYD,2024-01-08,12:00,21,330.1,8,Platform Unavailable
12783,BLR-HYD,2024-01-08,16:45,25,356.1,6,Platform Unavailable
12784,KOL-DEL,2024-01-08,07:15,21,232.5,7,Track Congestion
12787,KOL-DEL,2024-01-08,16:00,10,408.1,3,Platform Unavailable
12788,KOL-DEL,2024-01-08,17:15,32,657.9,5,Track Congestion
12791,KOL-DEL,2024-01-08,18:30,9,613.3,5,Passenger Boarding
12796,KOL-DEL,2024-01-08,19:00,10,476.9,3,Track Congestion
12797,KOL-DEL,2024-01-08,21:30,7,277.5,1,Weather
12805,MUM-GOA,2024-01-08,11:30,10,268.2,1,Platform Unavailable
12807,MUM-GOA,2024-01-08,12:45,24,200.5,6,Passenger Boarding
12809,MUM-GOA,2024-01-08,15:30,17,193.7,6,Track Congestion
12813,MUM-GOA,2024-01-08,18:30,12,391.0,6,Platform Unavailable
12818,CHE-BLR,2024-01-08,12:15,32,638.6,7,Crew Delay
12821,CHE-BLR,2024-01-08,13:45,31,367.6,3,Weather
12825,CHE-BLR,2024-01-08,19:30,21,832.3,8,Platform Unavailable
12826,DEL-JAI,2024-01-08,05:45,6,215.5,6,Weather
12831,DEL-JAI,2024-01-08,06:30,14,238.4,8,Platform Unavailable
12834,DEL-JAI,2024-01-08,11:00,28,829.5,5,Crew Delay
12839,DEL-JAI,2024-01-08,13:45,23,487.6,1,Passenger Boarding
12844,DEL-JAI,2024-01-08,14:15,17,482.3,2,Weather
12845,DEL-JAI,2024-01-08,20:45,9,457.0,2,Passenger Boarding
12848,HYD-MUM,2024-01-08,07:45,9,198.2,1,Passenger Boarding
12853,HYD-MUM,2024-01-08,08:45,15,388.6,3,Signal Fault
12856,HYD-MUM,2024-01-08,15:30,23,437.2,5,Platform Unavailable
12857,HYD-MUM,2024-01-08,16:45,31,325.5,8,Track Congestion
12860,HYD-MUM,2024-01-08,17:30,23,455.4,7,Mechanical Issue
12861,HYD-MUM,2024-01-08,22:00,28,173.5,4,Passenger Boarding
12862,MUM-DEL,2024-01-09,07:15,11,502.0,2,Crew Delay
12864,MUM-DEL,2024-01-09,10:45,27,645.3,7,Platform Unavailable
12865,MUM-DEL,2024-01-09,15:45,32,468.2,8,Crew Delay
12869,MUM-DEL,2024-01-09,17:15,26,695.8,6,Crew Delay
12874,MUM-DEL,2024-01-09,18:45,34,842.4,8,Track Congestion
12878,MUM-DEL,2024-01-09,21:30,24,363.2,5,Track Congestion
12882,DEL-CHE,2024-01-09,08:30,27,360.9,4,Platform Unavailable
12883,DEL-CHE,2024-01-09,12:30,14,304.0,5,Platform Unavailable
12884,DEL-CHE,2024-01-09,13:45,14,310.3,3,Weather
12887,DEL-CHE,2024-01-09,14:30,25,240.4,8,Weather
12888,BLR-HYD,2024-01-09,11:30,12,404.0,4,Crew Delay
12891,BLR-HYD,2024-01-09,13:15,18,225.1,2,Crew Delay
12896,BLR-HYD,2024-01-09,16:45,5,608.5,3,Crew Delay
12898,BLR-HYD,2024-01-09,19:15,20,512.5,8,Track Congestion
12899,BLR-HYD,2024-01-09,20:30,34,408.4,1,Passenger Boarding
12901,BLR-HYD,2024-01-09,22:15,34,157.3,1,Crew Delay
12904,KOL-DEL,2024-01-09,06:30,34,297.7,2,Signal Fault
12906,KOL-DEL,2024-01-09,07:30,33,300.2,8,Platform Unavailable
12908,KOL-DEL,2024-01-09,10:45,15,594.3,2,Platform Unavailable
12911,KOL-DEL,2024-01-09,12:45,5,297.0,3,Mechanical Issue
12916,KOL-DEL,2024-01-09,17:30,10,526.8,4,Signal Fault
12917,KOL-DEL,2024-01-09,20:45,17,487.9,2,Passenger Boarding
12920,MUM-GOA,2024-01-09,09:15,19,646.2,4,Passenger Boarding
12923,MUM-GOA,2024-01-09,15:30,13,314.3,1,Crew Delay
12925,MUM-GOA,2024-01-09,19:15,14,595.2,8,Track Congestion
12926,MUM-GOA,2024-01-09,20:45,27,225.2,5,Mechanical Issue
12931,CHE-BLR,2024-01-09,07:15,18,326.3,6,Track Congestion
12933,CHE-BLR,2024-01-09,12:45,29,305.2,4,Track Congestion
12938,CHE-BLR,2024-01-09,16:00,7,497.0,6,Weather
12943,CHE-BLR,2024-01-09,20:00,23,828.2,4,Passenger Boarding
12945,CHE-BLR,2024-01-09,21:15,8,475.7,8,Weather
12949,DEL-JAI,2024-01-09,05:15,22,164.0,1,Crew Delay
12950,DEL-JAI,2024-01-09,07:30,31,315.7,5,Crew Delay
12951,DEL-JAI,2024-01-09,12:15,16,453.5,7,Passenger Boarding
12954,DEL-JAI,2024-01-09,17:00,6,1259.4,8,Crew Delay
12958,DEL-JAI,2024-01-09,19:45,16,1108.5,7,Weather
12961,DEL-JAI,2024-01-09,21:45,25,497.6,3,Signal Fault
12966,HYD-MUM,2024-01-09,09:15,19,749.2,5,Signal Fault
12970,HYD-MUM,2024-01-09,10:45,12,393.4,4,Weather
12974,HYD-MUM,2024-01-09,17:30,6,581.0,2,Signal Fault
12975,MUM-DEL,2024-01-10,07:00,12,282.7,1,Mechanical Issue
12976,MUM-DEL,2024-01-10,11:45,29,494.9,4,Track Congestion
12981,MUM-DEL,2024-01-10,12:15,31,434.2,4,Crew Delay
12986,DEL-CHE,2024-01-10,07:15,22,288.1,1,Crew Delay
12989,DEL-CHE,2024-01-10,12:15,6,284.8,8,Crew Delay
12991,DEL-CHE,2024-01-10,14:45,18,222.9,7,Signal Fault
12993,DEL-CHE,2024-01-10,15:30,12,344.7,8,Signal Fault
12994,DEL-CHE,2024-01-10,19:30,34,408.4,8,Weather
12997,BLR-HYD,2024-01-10,08:15,32,470.8,8,Signal Fault
13000,BLR-HYD,2024-01-10,09:00,6,517.0,4,Weather
13001,BLR-HYD,2024-01-10,11:45,32,253.6,1,Passenger Boarding
13003,BLR-HYD,2024-01-10,18:15,20,376.4,4,Passenger Boarding
13005,BLR-HYD,2024-01-10,20:30,11,406.0,1,Crew Delay
13007,BLR-HYD,2024-01-10,21:00,34,218.0,8,Platform Unavailable
13010,KOL-DEL,2024-01-10,12:30,14,355.1,6,Weather
13014,KOL-DEL,2024-01-10,15:30,8,338.1,8,Track Congestion
13019,KOL-DEL,2024-01-10,17:30,6,777.6,7,Signal Fault
13024,KOL-DEL,2024-01-10,22:15,22,178.8,5,Track Congestion
13028,MUM-GOA,2024-01-10,08:15,13,331.1,6,Crew Delay
13030,MUM-GOA,2024-01-10,09:45,10,383.9,6,Signal Fault
13031,MUM-GOA,2024-01-10,10:45,21,435.7,1,Mechanical Issue
13033,MUM-GOA,2024-01-10,11:00,18,178.2,1,Signal Fault
13038,MUM-GOA,2024-01-10,14:15,11,280.9,1,Track Congestion
13042,MUM-GOA,2024-01-10,20:45,26,287.9,8,Mechanical Issue
13047,CHE-BLR,2024-01-10,05:00,5,114.6,5,Weather
13048,CHE-BLR,2024-01-10,18:45,8,531.1,3,Crew Delay
13051,CHE-BLR,2024-01-10,22:15,31,335.4,5,Crew Delay
13052,DEL-JAI,2024-01-10,07:15,25,346.0,2,Track Congestion
13053,DEL-JAI,2024-01-10,11:00,6,542.9,8,Crew Delay
13056,DEL-JAI,2024-01-10,12:15,25,762.4,7,Signal Fault
13061,DEL-JAI,2024-01-10,16:00,11,572.3,4,Weather
13064,DEL-JAI,2024-01-10,17:45,26,998.5,2,Mechanical Issue
13074,HYD-MUM,2024-01-10,10:15,26,327.5,7,Crew Delay
13075,HYD-MUM,2024-01-10,15:30,30,290.8,3,Weather
13078,MUM-DEL,2024-01-11,06:00,29,267.2,7,Crew Delay
13080,MUM-DEL,2024-01-11,08:00,20,628.7,8,Track Congestion
13085,MUM-DEL,2024-01-11,18:30,10,732.4,7,Platform Unavailable
13087,MUM-DEL,2024-01-11,20:45,30,820.9,5,Mechanical Issue
13089,MUM-DEL,2024-01-11,21:00,27,637.9,7,Weather
13090,DEL-CHE,2024-01-11,05:45,9,116.7,2,Platform Unavailable
13091,DEL-CHE,2024-01-11,06:15,8,180.7,7,Crew Delay
13095,DEL-CHE,2024-01-11,08:00,32,551.6,6,Mechanical Issue
13100,DEL-CHE,2024-01-11,09:00,28,688.0,2,Crew Delay
13102,DEL-CHE,2024-01-11,15:15,10,293.3,7,Platform Unavailable
13104,DEL-CHE,2024-01-11,16:30,7,517.6,3,Signal Fault
13109,BLR-HYD,2024-01-11,06:30,24,190.6,8,Platform Unavailable
13113,BLR-HYD,2024-01-11,12:15,5,321.7,5,Signal Fault
13116,BLR-HYD,2024-01-11,13:30,19,238.0,6,Weather
13119,BLR-HYD,2024-01-11,14:45,14,259.8,3,Mechanical Issue
13122,BLR-HYD,2024-01-11,17:15,35,450.9,7,Signal Fault
13127,BLR-HYD,2024-01-11,18:30,35,451.7,8,Passenger Boarding
13132,KOL-DEL,2024-01-11,13:45,23,344.9,4,Passenger Boarding
13136,KOL-DEL,2024-01-11,15:15,35,382.8,1,Weather
13140,KOL-DEL,2024-01-11,17:15,31,545.6,2,Weather
13142,KOL-DEL,2024-01-11,18:45,13,836.9,4,Crew Delay
13143,MUM-GOA,2024-01-11,07:45,22,164.8,7,Platform Unavailable
13145,MUM-GOA,2024-01-11,12:30,8,152.1,2,Mechanical Issue
13149,MUM-GOA,2024-01-11,14:30,23,278.1,1,Weather
13152,MUM-GOA,2024-01-11,17:30,8,273.9,1,Weather
13155,MUM-GOA,2024-01-11,19:15,19,340.1,4,Crew Delay
13156,MUM-GOA,2024-01-11,20:45,16,277.0,3,Crew Delay
13158,CHE-BLR,2024-01-11,06:15,30,253.0,8,Passenger Boarding
13162,CHE-BLR,2024-01-11,08:45,28,688.6,8,Weather
13165,CHE-BLR,2024-01-11,14:30,5,494.2,2,Weather
13167,CHE-BLR,2024-01-11,18:00,21,529.0,4,Weather
13171,CHE-BLR,2024-01-11,19:15,12,685.9,8,Mechanical Issue
13172,CHE-BLR,2024-01-11,20:15,17,558.9,7,Passenger Boarding
13173,DEL-JAI,2024-01-11,05:15,23,246.9,2,Crew Delay
13176,DEL-JAI,2024-01-11,17:15,8,1021.3,8,Passenger Boarding
13180,DEL-JAI,2024-01-11,18:45,24,812.7,6,Passenger Boarding
13184,DEL-JAI,2024-01-11,19:45,32,599.5,6,Platform Unavailable
13186,HYD-MUM,2024-01-11,07:00,16,314.0,3,Signal Fault
13188,HYD-MUM,2024-01-11,09:45,18,496.4,7,Platform Unavailable
13190,HYD-MUM,2024-01-11,10:45,22,333.3,3,Mechanical Issue
13194,HYD-MUM,2024-01-11,14:45,31,256.4,6,Weather
13198,MUM-DEL,2024-01-12,05:15,18,179.4,8,Weather
13199,MUM-DEL,2024-01-12,16:45,10,466.8,8,Track Congestion
13202,MUM-DEL,2024-01-12,20:00,6,399.2,5,Weather
13207,DEL-CHE,2024-01-12,10:45,22,366.9,8,Crew Delay
13208,DEL-CHE,2024-01-12,14:00,22,271.1,6,Platform Unavailable
13210,DEL-CHE,2024-01-12,17:45,8,459.4,7,Platform Unavailable
13211,DEL-CHE,2024-01-12,22:30,32,332.0,6,Platform Unavailable
13216,BLR-HYD,2024-01-12,08:30,10,359.0,7,Platform Unavailable
13217,BLR-HYD,2024-01-12,11:15,30,242.9,4,Signal Fault
13220,BLR-HYD,2024-01-12,12:30,15,287.7,3,Crew Delay
13224,BLR-HYD,2024-01-12,14:30,9,212.3,2,Track Congestion
13226,BLR-HYD,2024-01-12,16:00,27,409.3,3,Passenger Boarding
13230,BLR-HYD,2024-01-12,17:15,29,750.0,4,Crew Delay
13233,KOL-DEL,2024-01-12,06:00,27,199.9,5,Crew Delay
13234,KOL-DEL,2024-01-12,09:45,32,579.7,1,Mechanical Issue
13235,KOL-DEL,2024-01-12,11:45,32,350.3,6,Platform Unavailable
13238,KOL-DEL,2024-01-12,12:45,20,461.9,4,Platform Unavailable
13242,KOL-DEL,2024-01-12,13:30,23,398.6,3,Signal Fault
13246,KOL-DEL,2024-01-12,18:30,8,541.2,1,Track Congestion
13248,MUM-GOA,2024-01-12,08:45,11,683.3,7,Track Congestion
13251,MUM-GOA,2024-01-12,10:30,7,487.8,5,Mechanical Issue
13255,MUM-GOA,2024-01-12,19:30,6,538.9,3,Mechanical Issue
13257,CHE-BLR,2024-01-12,06:00,23,273.5,3,Mechanical Issue
13258,CHE-BLR,2024-01-12,07:45,31,536.2,6,Weather
13262,CHE-BLR,2024-01-12,12:45,12,332.8,2,Platform Unavailable
13265,CHE-BLR,2024-01-12,16:00,15,369.0,2,Platform Unavailable
13267,CHE-BLR,2024-01-12,18:30,25,1002.1,3,Passenger Boarding
13271,DEL-JAI,2024-01-12,05:45,34,202.4,3,Passenger Boarding
13272,DEL-JAI,2024-01-12,10:45,9,740.3,2,Signal Fault
13274,DEL-JAI,2024-01-12,21:45,30,458.7,6,Track Congestion
13277,HYD-MUM,2024-01-12,07:30,32,140.1,1,Passenger Boarding
13281,HYD-MUM,2024-01-12,12:15,28,247.3,4,Track Congestion
13285,HYD-MUM,2024-01-12,13:30,20,206.2,4,Mechanical Issue
13286,HYD-MUM,2024-01-12,22:00,21,242.7,2,Crew Delay
13290,MUM-DEL,2024-01-13,09:45,29,1085.6,3,Track Congestion
13292,MUM-DEL,2024-01-13,15:00,13,1137.3,1,Signal Fault
13295,MUM-DEL,2024-01-13,17:00,21,1362.2,7,Platform Unavailable
13300,MUM-DEL,2024-01-13,18:45,25,897.4,2,Track Congestion
13302,MUM-DEL,2024-01-13,19:15,21,1026.7,2,Signal Fault
13304,DEL-CHE,2024-01-13,14:00,6,451.7,4,Platform Unavailable
13306,DEL-CHE,2024-01-13,15:00,14,462.9,1,Crew Delay
13310,DEL-CHE,2024-01-13,17:00,10,943.2,1,Mechanical Issue
13313,DEL-CHE,2024-01-13,22:30,10,231.5,5,Mechanical Issue
13318,BLR-HYD,2024-01-13,05:45,27,130.6,5,Passenger Boarding
13322,BLR-HYD,2024-01-13,08:00,6,578.4,6,Mechanical Issue
13327,BLR-HYD,2024-01-13,10:15,33,560.3,2,Passenger Boarding
13328,BLR-HYD,2024-01-13,13:00,6,373.5,1,Track Congestion
13332,KOL-DEL,2024-01-13,06:15,22,311.2,1,Passenger Boarding
13333,KOL-DEL,2024-01-13,11:15,13,475.3,6,Signal Fault
13335,KOL-DEL,2024-01-13,16:30,10,897.0,1,Mechanical Issue
13338,KOL-DEL,2024-01-13,20:00,32,595.6,8,Platform Unavailable
13343,MUM-GOA,2024-01-13,05:15,28,105.5,5,Passenger Boarding
13345,MUM-GOA,2024-01-13,07:15,29,238.3,8,Weather
13347,MUM-GOA,2024-01-13,10:15,5,511.9,7,Passenger Boarding
13350,MUM-GOA,2024-01-13,15:30,35,246.7,1,Signal Fault
13352,MUM-GOA,2024-01-13,19:00,8,340.8,5,Signal Fault
13357,CHE-BLR,2024-01-13,06:30,33,343.9,4,Weather
13358,CHE-BLR,2024-01-13,07:45,28,290.1,8,Track Congestion
13363,CHE-BLR,2024-01-13,18:00,7,715.7,7,Weather
13366,CHE-BLR,2024-01-13,20:00,12,678.0,3,Track Congestion
13371,DEL-JAI,2024-01-13,10:30,9,1079.9,4,Crew Delay
13374,DEL-JAI,2024-01-13,12:00,19,826.0,8,Passenger Boarding
13377,DEL-JAI,2024-01-13,15:45,19,1063.3,4,Crew Delay
13380,DEL-JAI,2024-01-13,17:45,10,1238.7,2,Passenger Boarding
13381,DEL-JAI,2024-01-13,22:00,9,491.2,6,Passenger Boarding
13385,HYD-MUM,2024-01-13,06:30,5,223.2,3,Track Congestion
13389,HYD-MUM,2024-01-13,15:45,8,366.9,4,Track Congestion
13390,HYD-MUM,2024-01-13,16:00,5,330.0,2,Passenger Boarding
13391,HYD-MUM,2024-01-13,17:15,16,753.5,7,Signal Fault
13392,MUM-DEL,2024-01-14,05:45,8,136.1,6,Signal Fault
13396,MUM-DEL,2024-01-14,07:45,31,606.7,7,Passenger Boarding
13399,MUM-DEL,2024-01-14,08:45,10,1230.2,7,Passenger Boarding
13401,MUM-DEL,2024-01-14,15:15,33,930.1,8,Track Congestion
13404,MUM-DEL,2024-01-14,22:00,25,338.7,4,Passenger Boarding
13409,DEL-CHE,2024-01-14,06:15,25,217.5,4,Signal Fault
13414,DEL-CHE,2024-01-14,09:00,20,781.1,6,Track Congestion
13417,DEL-CHE,2024-01-14,11:45,17,485.3,6,Signal Fault
13420,DEL-CHE,2024-01-14,18:15,5,1529.2,4,Track Congestion
13425,DEL-CHE,2024-01-14,20:00,29,399.8,6,Platform Unavailable
13430,DEL-CHE,2024-01-14,21:15,13,506.0,4,Weather
13433,BLR-HYD,2024-01-14,12:15,30,471.4,6,Track Congestion
13435,BLR-HYD,2024-01-14,16:00,23,338.9,3,Passenger Boarding
13436,BLR-HYD,2024-01-14,17:45,6,576.3,8,Platform Unavailable
13438,KOL-DEL,2024-01-14,05:45,30,232.8,4,Mechanical Issue
13439,KOL-DEL,2024-01-14,12:30,6,313.8,6,Platform Unavailable
13440,KOL-DEL,2024-01-14,22:15,29,229.7,3,Weather
13444,MUM-GOA,2024-01-14,06:30,28,164.4,3,Mechanical Issue
13449,MUM-GOA,2024-01-14,07:45,12,221.0,6,Weather
13451,MUM-GOA,2024-01-14,14:15,9,291.2,5,Crew Delay
13456,MUM-GOA,2024-01-14,16:00,32,305.3,7,Passenger Boarding
13461,MUM-GOA,2024-01-14,17:00,25,747.5,4,Signal Fault
13462,CHE-BLR,2024-01-14,09:00,10,1073.8,6,Crew Delay
13463,CHE-BLR,2024-01-14,15:30,12,472.4,4,Weather
13467,CHE-BLR,2024-01-14,20:30,6,751.2,1,Passenger Boarding
13471,DEL-JAI,2024-01-14,10:45,10,1327.6,4,Track Congestion
13474,DEL-JAI,2024-01-14,11:00,5,458.5,5,Platform Unavailable
13478,DEL-JAI,2024-01-14,12:30,33,940.0,3,Weather
13483,DEL-JAI,2024-01-14,18:15,15,841.3,2,Mechanical Issue
13487,DEL-JAI,2024-01-14,21:45,24,402.3,3,Mechanical Issue
13491,DEL-JAI,2024-01-14,22:15,11,698.0,4,Passenger Boarding
13492,HYD-MUM,2024-01-14,05:45,9,115.0,8,Platform Unavailable
13497,HYD-MUM,2024-01-14,06:30,31,264.5,5,Track Congestion
13500,HYD-MUM,2024-01-14,12:45,10,457.2,4,Passenger Boarding
13504,HYD-MUM,2024-01-14,14:00,30,286.9,5,Platform Unavailable
13509,HYD-MUM,2024-01-14,22:45,7,199.0,5,Crew Delay
13512,MUM-DEL,2024-01-15,07:00,12,404.8,5,Crew Delay
13515,MUM-DEL,2024-01-15,10:00,7,760.1,2,Passenger Boarding
13519,MUM-DEL,2024-01-15,12:45,31,335.4,1,Passenger Boarding
13521,MUM-DEL,2024-01-15,16:45,23,508.2,8,Track Congestion
13526,MUM-DEL,2024-01-15,17:45,21,893.9,1,Platform Unavailable
13528,MUM-DEL,2024-01-15,22:15,10,412.0,8,Passenger Boarding
13533,DEL-CHE,2024-01-15,06:00,31,139.3,3,Passenger Boarding
13537,DEL-CHE,2024-01-15,09:30,7,590.9,2,Crew Delay
13541,DEL-CHE,2024-01-15,11:45,21,301.1,5,Mechanical Issue
13545,DEL-CHE,2024-01-15,22:00,8,161.8,7,Mechanical Issue
13549,BLR-HYD,2024-01-15,08:00,33,353.0,6,Signal Fault
13551,BLR-HYD,2024-01-15,09:30,6,497.3,8,Platform Unavailable
13555,BLR-HYD,2024-01-15,14:30,6,279.3,7,Track Congestion
13558,BLR-HYD,2024-01-15,21:30,34,223.7,8,Mechanical Issue
13566,KOL-DEL,2024-01-15,09:30,11,781.3,2,Mechanical Issue
13567,KOL-DEL,2024-01-15,14:15,31,318.5,6,Weather
13572,KOL-DEL,2024-01-15,15:15,9,619.4,7,Passenger Boarding
13573,KOL-DEL,2024-01-15,19:00,31,731.5,4,Crew Delay
13578,MUM-GOA,2024-01-15,19:00,10,404.7,8,Mechanical Issue
13579,MUM-GOA,2024-01-15,21:30,28,233.1,5,Weather
13584,MUM-GOA,2024-01-15,22:30,32,243.2,3,Weather
13586,CHE-BLR,2024-01-15,09:45,20,572.0,1,Platform Unavailable
13591,CHE-BLR,2024-01-15,11:15,13,365.1,4,Platform Unavailable
13595,CHE-BLR,2024-01-15,12:30,18,260.1,5,Passenger Boarding
13600,CHE-BLR,2024-01-15,22:30,14,228.1,8,Passenger Boarding
13603,DEL-JAI,2024-01-15,05:30,7,180.6,8,Signal Fault
13606,DEL-JAI,2024-01-15,08:30,13,606.6,5,Crew Delay
13607,DEL-JAI,2024-01-15,13:15,33,602.2,4,Passenger Boarding
13608,DEL-JAI,2024-01-15,14:45,28,353.8,3,Platform Unavailable
13612,DEL-JAI,2024-01-15,15:45,17,636.9,7,Platform Unavailable
13614,DEL-JAI,2024-01-15,16:00,15,636.8,4,Passenger Boarding
13617,HYD-MUM,2024-01-15,07:15,28,251.0,3,Crew Delay
13620,HYD-MUM,2024-01-15,14:15,12,219.6,2,Crew Delay
13623,HYD-MUM,2024-01-15,15:15,30,215.8,7,Crew Delay
13624,HYD-MUM,2024-01-15,16:30,32,451.7,8,Crew Delay
13626,HYD-MUM,2024-01-15,18:45,20,918.2,2,Passenger Boarding
13627,HYD-MUM,2024-01-15,21:00,18,165.1,5,Signal Fault
13628,MUM-DEL,2024-01-16,09:45,29,1010.3,3,Passenger Boarding
13629,MUM-DEL,2024-01-16,11:45,15,537.0,3,Weather
13631,MUM-DEL,2024-01-16,15:00,23,465.8,3,Mechanical Issue
13636,MUM-DEL,2024-01-16,21:45,9,311.2,2,Track Congestion
13637,DEL-CHE,2024-01-16,05:00,35,95.6,6,Crew Delay
13638,DEL-CHE,2024-01-16,11:30,5,260.1,4,Platform Unavailable
13640,DEL-CHE,2024-01-16,12:15,14,412.1,6,Passenger Boarding
13641,DEL-CHE,2024-01-16,17:00,10,617.8,5,Track Congestion
13646,DEL-CHE,2024-01-16,18:00,28,715.4,8,Weather
13650,DEL-CHE,2024-01-16,22:30,15,215.5,3,Passenger Boarding
13655,BLR-HYD,2024-01-16,08:00,17,478.3,1,Signal Fault
13656,BLR-HYD,2024-01-16,10:00,25,331.9,2,Track Congestion
13657,BLR-HYD,2024-01-16,11:00,17,252.1,8,Track Congestion
13658,BLR-HYD,2024-01-16,17:30,27,464.1,4,Mechanical Issue
13663,KOL-DEL,2024-01-16,08:15,21,579.8,2,Mechanical Issue
13665,KOL-DEL,2024-01-16,13:00,20,424.8,2,Crew Delay
13669,KOL-DEL,2024-01-16,14:15,16,261.7,4,Passenger Boarding
13671,KOL-DEL,2024-01-16,18:30,34,873.8,8,Platform Unavailable
13672,KOL-DEL,2024-01-16,19:45,26,683.2,1,Crew Delay
13674,MUM-GOA,2024-01-16,07:00,25,143.5,5,Track Congestion
13676,MUM-GOA,2024-01-16,09:45,8,405.5,1,Crew Delay
13677,MUM-GOA,2024-01-16,20:00,18,301.0,6,Passenger Boarding
13682,CHE-BLR,2024-01-16,05:15,35,119.0,8,Track Congestion
13683,CHE-BLR,2024-01-16,06:30,10,152.7,6,Weather
13687,CHE-BLR,2024-01-16,09:45,31,694.7,5,Weather
13692,DEL-JAI,2024-01-16,07:00,30,642.6,8,Platform Unavailable
13693,DEL-JAI,2024-01-16,08:45,24,1094.4,6,Signal Fault
13697,DEL-JAI,2024-01-16,10:15,33,647.3,2,Track Congestion
13702,DEL-JAI,2024-01-16,16:45,5,1194.2,6,Weather
13704,DEL-JAI,2024-01-16,18:15,18,625.5,2,Weather
13709,DEL-JAI,2024-01-16,22:45,9,353.1,7,Passenger Boarding
13711,HYD-MUM,2024-01-16,05:45,15,134.2,8,Weather
13715,HYD-MUM,2024-01-16,10:30,22,382.0,4,Signal Fault
13720,HYD-MUM,2024-01-16,20:45,30,454.7,8,Mechanical Issue
13725,MUM-DEL,2024-01-17,06:00,22,359.4,1,Crew Delay
13730,MUM-DEL,2024-01-17,07:00,33,522.9,5,Crew Delay
13731,MUM-DEL,2024-01-17,10:15,16,514.8,6,Weather
13734,MUM-DEL,2024-01-17,12:15,27,510.9,8,Weather
13737,MUM-DEL,2024-01-17,19:45,5,1065.2,4,Signal Fault
13742,MUM-DEL,2024-01-17,20:30,22,446.2,5,Passenger Boarding
13743,DEL-CHE,2024-01-17,06:45,11,248.8,4,Mechanical Issue
13746,DEL-CHE,2024-01-17,07:45,27,314.7,4,Weather
13750,DEL-CHE,2024-01-17,08:00,29,400.7,2,Weather
13754,DEL-CHE,2024-01-17,10:45,35,336.8,3,Mechanical Issue
13759,DEL-CHE,2024-01-17,12:00,31,303.1,7,Mechanical Issue
13763,BLR-HYD,2024-01-17,07:00,21,238.4,6,Track Congestion
13767,BLR-HYD,2024-01-17,10:45,13,357.0,4,Passenger Boarding
13771,BLR-HYD,2024-01-17,16:30,9,479.0,3,Mechanical Issue
13776,BLR-HYD,2024-01-17,18:30,27,457.2,6,Signal Fault
13779,BLR-HYD,2024-01-17,21:15,26,327.1,5,Signal Fault
13784,BLR-HYD,2024-01-17,22:15,21,141.3,3,Platform Unavailable
13788,KOL-DEL,2024-01-17,08:45,33,417.8,5,Weather
13789,KOL-DEL,2024-01-17,14:00,9,288.4,7,Crew Delay
13792,KOL-DEL,2024-01-17,16:00,14,628.6,3,Crew Delay
13797,KOL-DEL,2024-01-17,19:15,11,991.5,5,Weather
13802,KOL-DEL,2024-01-17,20:00,24,437.3,2,Platform Unavailable
13806,MUM-GOA,2024-01-17,12:30,17,196.0,7,Signal Fault
13811,MUM-GOA,2024-01-17,13:30,11,203.1,5,Signal Fault
13816,MUM-GOA,2024-01-17,17:45,29,509.9,6,Passenger Boarding
13820,MUM-GOA,2024-01-17,22:15,14,124.5,4,Signal Fault
13823,CHE-BLR,2024-01-17,07:00,22,299.0,5,Weather
13826,CHE-BLR,2024-01-17,10:15,5,630.3,5,Crew Delay
13829,CHE-BLR,2024-01-17,16:45,9,343.0,1,Weather
13834,CHE-BLR,2024-01-17,21:00,20,290.1,5,Mechanical Issue
13839,DEL-JAI,2024-01-17,07:00,22,325.2,7,Passenger Boarding
13842,DEL-JAI,2024-01-17,12:45,26,760.2,4,Passenger Boarding
13843,DEL-JAI,2024-01-17,13:30,22,490.7,8,Weather
13848,DEL-JAI,2024-01-17,15:00,33,418.5,4,Crew Delay
13849,DEL-JAI,2024-01-17,22:15,17,621.7,6,Passenger Boarding
13856,HYD-MUM,2024-01-17,13:30,10,218.5,2,Platform Unavailable
13860,HYD-MUM,2024-01-17,14:00,32,217.8,4,Mechanical Issue
13861,HYD-MUM,2024-01-17,17:00,25,605.8,7,Track Congestion
13862,HYD-MUM,2024-01-17,19:15,6,727.7,6,Track Congestion
13863,HYD-MUM,2024-01-17,22:00,22,263.8,5,Signal Fault
13864,MUM-DEL,2024-01-18,12:45,26,476.7,7,Mechanical Issue
13869,MUM-DEL,2024-01-18,13:00,29,362.4,2,Crew Delay
13874,MUM-DEL,2024-01-18,17:00,34,646.1,6,Weather
13875,MUM-DEL,2024-01-18,18:00,24,1071.1,5,Weather
13879,DEL-CHE,2024-01-18,15:00,9,335.2,4,Weather
13880,DEL-CHE,2024-01-18,17:30,35,416.2,6,Platform Unavailable
13885,DEL-CHE,2024-01-18,18:15,22,883.3,7,Signal Fault
13889,DEL-CHE,2024-01-18,19:00,11,611.5,6,Signal Fault
13890,DEL-CHE,2024-01-18,21:15,11,444.7,5,Mechanical Issue
13893,BLR-HYD,2024-01-18,06:00,35,158.5,8,Platform Unavailable
13896,BLR-HYD,2024-01-18,07:30,8,371.0,4,Track Congestion
13901,BLR-HYD,2024-01-18,09:00,15,655.6,8,Signal Fault
13904,BLR-HYD,2024-01-18,19:30,30,354.1,6,Signal Fault
13907,KOL-DEL,2024-01-18,05:45,26,130.1,3,Mechanical Issue
13912,KOL-DEL,2024-01-18,08:45,20,462.6,5,Signal Fault
13915,KOL-DEL,2024-01-18,10:00,31,704.6,2,Mechanical Issue
13916,KOL-DEL,2024-01-18,15:15,28,364.1,2,Passenger Boarding
13921,KOL-DEL,2024-01-18,17:00,29,494.0,7,Weather
13923,KOL-DEL,2024-01-18,19:15,25,838.0,8,Platform Unavailable
13925,MUM-GOA,2024-01-18,07:00,26,189.5,1,Track Congestion
13927,MUM-GOA,2024-01-18,12:15,10,198.3,8,Track Congestion
13929,MUM-GOA,2024-01-18,14:15,6,162.4,6,Passenger Boarding
13930,MUM-GOA,2024-01-18,17:45,12,434.2,6,Signal Fault
13934,MUM-GOA,2024-01-18,21:15,17,189.6,6,Signal Fault
13938,CHE-BLR,2024-01-18,06:30,17,153.7,3,Mechanical Issue
13941,CHE-BLR,2024-01-18,13:30,21,222.8,2,Platform Unavailable
13944,CHE-BLR,2024-01-18,15:45,31,528.5,6,Passenger Boarding
13946,CHE-BLR,2024-01-18,16:45,21,374.7,1,Passenger Boarding
13948,CHE-BLR,2024-01-18,21:45,11,501.4,5,Mechanical Issue
13950,CHE-BLR,2024-01-18,22:15,26,373.1,2,Weather
13952,DEL-JAI,2024-01-18,08:15,5,734.4,7,Crew Delay
13957,DEL-JAI,2024-01-18,12:00,9,684.9,3,Signal Fault
13959,DEL-JAI,2024-01-18,15:00,13,441.3,3,Track Congestion
13962,DEL-JAI,2024-01-18,18:45,33,964.6,1,Weather
13966,DEL-JAI,2024-01-18,20:00,32,772.8,8,Track Congestion
13971,DEL-JAI,2024-01-18,22:15,30,400.4,3,Passenger Boarding
13975,HYD-MUM,2024-01-18,10:30,12,356.1,2,Mechanical Issue
13980,HYD-MUM,2024-01-18,13:45,21,330.1,4,Mechanical Issue
13985,HYD-MUM,2024-01-18,16:45,20,499.6,3,Weather
13989,HYD-MUM,2024-01-18,21:00,7,178.5,2,Signal Fault
13993,MUM-DEL,2024-01-19,05:45,12,156.1,7,Mechanical Issue
13995,MUM-DEL,2024-01-19,13:45,18,418.9,2,Track Congestion
14000,MUM-DEL,2024-01-19,18:30,14,748.3,2,Track Congestion
14005,MUM-DEL,2024-01-19,22:45,23,306.4,1,Passenger Boarding
14012,DEL-CHE,2024-01-19,17:30,23,632.6,7,Weather
14017,DEL-CHE,2024-01-19,21:30,18,274.9,4,Track Congestion
14018,BLR-HYD,2024-01-19,09:30,32,309.2,3,Crew Delay
14020,BLR-HYD,2024-01-19,10:15,8,417.8,3,Mechanical Issue
14024,BLR-HYD,2024-01-19,14:45,10,221.6,1,Signal Fault
14029,BLR-HYD,2024-01-19,16:00,20,247.7,3,Weather
14030,BLR-HYD,2024-01-19,19:45,16,680.8,4,Track Congestion
14035,BLR-HYD,2024-01-19,20:00,24,269.4,7,Crew Delay
14042,KOL-DEL,2024-01-19,06:15,16,153.8,1,Mechanical Issue
14046,KOL-DEL,2024-01-19,10:00,29,602.4,5,Platform Unavailable
14047,KOL-DEL,2024-01-19,12:30,21,339.2,4,Passenger Boarding
14050,KOL-DEL,2024-01-19,20:00,16,692.1,6,Weather
14051,MUM-GOA,2024-01-19,11:00,22,317.4,2,Signal Fault
14056,MUM-GOA,2024-01-19,14:30,33,245.6,5,Signal Fault
14060,MUM-GOA,2024-01-19,17:30,23,277.9,7,Weather
14064,MUM-GOA,2024-01-19,19:15,26,263.4,8,Weather
14066,CHE-BLR,2024-01-19,08:00,26,623.4,4,Weather
14069,CHE-BLR,2024-01-19,13:30,27,304.5,1,Signal Fault
14074,CHE-BLR,2024-01-19,20:15,7,566.2,6,Passenger Boarding
14076,DEL-JAI,2024-01-19,08:30,20,1046.1,4,Signal Fault
14078,DEL-JAI,2024-01-19,15:15,11,424.9,5,Platform Unavailable
14079,DEL-JAI,2024-01-19,16:15,9,910.5,6,Mechanical Issue
14080,DEL-JAI,2024-01-19,20:00,24,941.4,8,Mechanical Issue
14085,HYD-MUM,2024-01-19,15:45,10,254.6,8,Mechanical Issue
14090,HYD-MUM,2024-01-19,16:30,6,414.3,3,Weather
14093,HYD-MUM,2024-01-19,20:45,21,291.0,1,Passenger Boarding
14098,MUM-DEL,2024-01-20,08:30,17,699.4,4,Passenger Boarding
14103,MUM-DEL,2024-01-20,10:00,10,855.3,5,Weather
14105,MUM-DEL,2024-01-20,12:30,16,689.1,6,Signal Fault
14109,MUM-DEL,2024-01-20,13:45,16,505.0,6,Weather
14111,MUM-DEL,2024-01-20,16:30,23,648.4,3,Platform Unavailable
14115,MUM-DEL,2024-01-20,19:00,22,738.3,4,Weather
14119,DEL-CHE,2024-01-20,05:15,30,139.2,6,Crew Delay
14120,DEL-CHE,2024-01-20,09:30,17,817.6,1,Signal Fault
14121,DEL-CHE,2024-01-20,11:15,20,770.0,5,Weather
14126,DEL-CHE,2024-01-20,12:45,16,304.7,6,Platform Unavailable
14131,DEL-CHE,2024-01-20,17:30,16,668.6,2,Track Congestion
14134,DEL-CHE,2024-01-20,21:15,29,282.6,3,Mechanical Issue
14136,BLR-HYD,2024-01-20,15:45,19,639.4,5,Signal Fault
14141,BLR-HYD,2024-01-20,16:15,18,366.5,6,Signal Fault
14144,BLR-HYD,2024-01-20,17:45,12,1058.2,6,Platform Unavailable
14148,BLR-HYD,2024-01-20,20:30,24,303.8,5,Passenger Boarding
14153,BLR-HYD,2024-01-20,21:30,28,370.2,6,Passenger Boarding
14155,KOL-DEL,2024-01-20,05:15,11,126.0,2,Mechanical Issue
14156,KOL-DEL,2024-01-20,07:45,22,543.0,8,Crew Delay
14159,KOL-DEL,2024-01-20,10:00,8,431.1,2,Track Congestion
14161,KOL-DEL,2024-01-20,18:15,14,1262.4,7,Platform Unavailable
14166,KOL-DEL,2024-01-20,21:15,9,319.4,3,Weather
14169,KOL-DEL,2024-01-20,22:15,32,501.0,6,Crew Delay
14174,MUM-GOA,2024-01-20,07:15,21,206.8,7,Passenger Boarding
14175,MUM-GOA,2024-01-20,13:30,30,278.2,4,Crew Delay
14178,MUM-GOA,2024-01-20,16:45,9,445.0,5,Track Congestion
14181,MUM-GOA,2024-01-20,19:00,16,752.7,3,Track Congestion
14185,MUM-GOA,2024-01-20,21:45,35,247.8,8,Track Congestion
14187,MUM-GOA,2024-01-20,22:30,24,257.0,5,Crew Delay
14191,CHE-BLR,2024-01-20,11:45,10,408.9,4,Platform Unavailable
14193,CHE-BLR,2024-01-20,16:45,25,855.6,7,Crew Delay
14195,CHE-BLR,2024-01-20,22:30,18,352.9,5,Platform Unavailable
14200,DEL-JAI,2024-01-20,09:00,13,911.3,8,Crew Delay
14205,DEL-JAI,2024-01-20,10:45,6,1078.5,3,Track Congestion
14207,DEL-JAI,2024-01-20,14:00,13,813.6,5,Mechanical Issue
14211,HYD-MUM,2024-01-20,05:15,16,120.9,8,Weather
14214,HYD-MUM,2024-01-20,07:00,6,287.8,3,Signal Fault
14217,HYD-MUM,2024-01-20,12:45,11,525.0,3,Crew Delay
14221,HYD-MUM,2024-01-20,20:45,17,624.0,4,Signal Fault
14222,HYD-MUM,2024-01-20,21:15,19,253.0,4,Signal Fault
14225,HYD-MUM,2024-01-20,22:15,34,178.8,5,Signal Fault
14226,MUM-DEL,2024-01-21,06:45,33,260.4,6,Passenger Boarding
14227,MUM-DEL,2024-01-21,08:15,15,1320.8,7,Crew Delay
14229,MUM-DEL,2024-01-21,09:15,17,750.8,2,Passenger Boarding
14234,MUM-DEL,2024-01-21,21:00,27,896.5,8,Mechanical Issue
14235,DEL-CHE,2024-01-21,07:45,34,565.5,6,Signal Fault
14239,DEL-CHE,2024-01-21,12:00,9,488.7,2,Crew Delay
14243,DEL-CHE,2024-01-21,16:15,30,514.0,6,Weather
14245,DEL-CHE,2024-01-21,21:15,28,550.7,6,Crew Delay
14249,BLR-HYD,2024-01-21,06:45,15,234.4,6,Crew Delay
14254,BLR-HYD,2024-01-21,09:30,7,569.1,3,Weather
14257,BLR-HYD,2024-01-21,13:15,22,321.6,5,Crew Delay
14259,BLR-HYD,2024-01-21,19:45,28,906.5,7,Weather
14260,BLR-HYD,2024-01-21,20:00,15,389.5,4,Crew Delay
14261,KOL-DEL,2024-01-21,07:30,8,377.1,6,Passenger Boarding
14262,KOL-DEL,2024-01-21,11:00,10,741.0,3,Platform Unavailable
14267,KOL-DEL,2024-01-21,13:15,6,514.2,2,Platform Unavailable
14270,KOL-DEL,2024-01-21,17:45,6,574.0,5,Signal Fault
14272,KOL-DEL,2024-01-21,20:15,34,415.6,1,Platform Unavailable
14277,KOL-DEL,2024-01-21,21:45,16,563.9,1,Crew Delay
14282,MUM-GOA,2024-01-21,05:00,35,124.2,4,Weather
14284,MUM-GOA,2024-01-21,06:00,11,211.7,7,Crew Delay
14289,MUM-GOA,2024-01-21,13:15,22,262.8,3,Platform Unavailable
14293,MUM-GOA,2024-01-21,16:45,26,317.5,6,Weather
14297,MUM-GOA,2024-01-21,20:45,22,528.5,3,Signal Fault
14300,MUM-GOA,2024-01-21,22:30,34,138.7,8,Passenger Boarding
14305,CHE-BLR,2024-01-21,11:45,23,414.8,4,Signal Fault
14309,CHE-BLR,2024-01-21,15:15,16,514.2,5,Track Congestion
14314,CHE-BLR,2024-01-21,16:45,14,662.6,1,Weather
14317,CHE-BLR,2024-01-21,17:00,5,878.4,5,Platform Unavailable
14320,CHE-BLR,2024-01-21,22:15,29,372.1,1,Crew Delay
14323,DEL-JAI,2024-01-21,06:15,12,500.4,4,Crew Delay
14324,DEL-JAI,2024-01-21,08:30,28,1372.6,4,Track Congestion
14329,DEL-JAI,2024-01-21,10:30,31,634.5,8,Weather
14334,DEL-JAI,2024-01-21,19:00,28,991.4,1,Platform Unavailable
14339,HYD-MUM,2024-01-21,06:45,28,257.1,4,Signal Fault
14342,HYD-MUM,2024-01-21,07:00,6,263.6,7,Mechanical Issue
14347,HYD-MUM,2024-01-21,10:00,15,534.1,3,Track Congestion
14352,HYD-MUM,2024-01-21,11:15,19,474.2,7,Signal Fault
14354,HYD-MUM,2024-01-21,15:00,9,503.3,7,Passenger Boarding
14358,HYD-MUM,2024-01-21,18:30,22,1008.3,1,Crew Delay
14362,MUM-DEL,2024-01-22,07:15,20,283.9,4,Track Congestion
14363,MUM-DEL,2024-01-22,16:15,12,476.0,4,Track Congestion
14367,MUM-DEL,2024-01-22,17:30,8,524.4,2,Mechanical Issue
14372,MUM-DEL,2024-01-22,18:45,16,869.0,6,Signal Fault
14376,MUM-DEL,2024-01-22,21:00,24,300.5,6,Mechanical Issue
14377,DEL-CHE,2024-01-22,06:30,8,248.5,2,Track Congestion
14380,DEL-CHE,2024-01-22,08:15,5,441.2,5,Signal Fault
14382,DEL-CHE,2024-01-22,12:00,15,346.1,1,Platform Unavailable
14386,DEL-CHE,2024-01-22,19:15,22,675.6,5,Track Congestion
14390,BLR-HYD,2024-01-22,05:15,6,171.2,5,Mechanical Issue
14393,BLR-HYD,2024-01-22,06:00,26,243.6,5,Mechanical Issue
14397,BLR-HYD,2024-01-22,09:00,12,937.8,7,Mechanical Issue
14399,BLR-HYD,2024-01-22,17:00,10,580.7,2,Mechanical Issue
14402,KOL-DEL,2024-01-22,05:30,5,120.9,3,Mechanical Issue
14405,KOL-DEL,2024-01-22,06:30,21,206.6,4,Crew Delay
14406,KOL-DEL,2024-01-22,08:00,33,393.1,7,Track Congestion
14408,KOL-DEL,2024-01-22,09:30,26,834.1,7,Passenger Boarding
14410,KOL-DEL,2024-01-22,13:00,18,246.8,4,Platform Unavailable
14415,KOL-DEL,2024-01-22,22:15,19,235.2,6,Platform Unavailable
14417,MUM-GOA,2024-01-22,09:15,18,435.0,3,Passenger Boarding
14420,MUM-GOA,2024-01-22,11:15,10,245.6,2,Signal Fault
14424,MUM-GOA,2024-01-22,18:15,33,359.7,6,Crew Delay
14426,MUM-GOA,2024-01-22,22:45,9,169.6,5,Track Congestion
14428,CHE-BLR,2024-01-22,05:30,24,116.5,4,Mechanical Issue
14432,CHE-BLR,2024-01-22,09:15,27,556.2,2,Mechanical Issue
14435,CHE-BLR,2024-01-22,10:15,27,467.7,8,Platform Unavailable
14436,DEL-JAI,2024-01-22,07:15,29,562.3,7,Platform Unavailable
14438,DEL-JAI,2024-01-22,17:30,29,838.9,4,Passenger Boarding
14443,DEL-JAI,2024-01-22,20:00,32,839.7,8,Weather
14445,DEL-JAI,2024-01-22,21:45,33,348.5,8,Crew Delay
14446,HYD-MUM,2024-01-22,06:00,31,127.8,8,Track Congestion
14450,HYD-MUM,2024-01-22,10:15,22,328.6,1,Track Congestion
14453,HYD-MUM,2024-01-22,11:00,33,373.1,7,Signal Fault
14454,HYD-MUM,2024-01-22,16:30,24,343.1,5,Mechanical Issue
14459,HYD-MUM,2024-01-22,17:15,7,490.9,8,Track Congestion
14463,HYD-MUM,2024-01-22,22:00,17,217.9,3,Passenger Boarding
14465,MUM-DEL,2024-01-23,05:15,27,142.0,6,Track Congestion
14468,MUM-DEL,2024-01-23,10:00,25,859.5,8,Crew Delay
14473,MUM-DEL,2024-01-23,12:00,17,455.6,3,Crew Delay
14475,MUM-DEL,2024-01-23,14:45,23,675.3,6,Signal Fault
14478,MUM-DEL,2024-01-23,19:15,18,1041.9,1,Mechanical Issue
14482,DEL-CHE,2024-01-23,06:15,5,250.3,5,Signal Fault
14486,DEL-CHE,2024-01-23,07:45,24,263.8,1,Crew Delay
14490,DEL-CHE,2024-01-23,10:15,19,595.9,8,Mechanical Issue
14495,DEL-CHE,2024-01-23,14:45,12,449.1,1,Passenger Boarding
14497,DEL-CHE,2024-01-23,19:30,6,486.8,4,Crew Delay
14498,BLR-HYD,2024-01-23,06:00,15,123.0,5,Crew Delay
14501,BLR-HYD,2024-01-23,07:00,10,401.2,3,Passenger Boarding
14502,BLR-HYD,2024-01-23,16:15,34,454.9,6,Weather
14506,BLR-HYD,2024-01-23,22:00,33,133.9,6,Passenger Boarding
14511,KOL-DEL,2024-01-23,07:45,15,386.9,5,Signal Fault
14512,KOL-DEL,2024-01-23,14:45,24,333.8,4,Platform Unavailable
14517,KOL-DEL,2024-01-23,18:00,20,638.2,2,Passenger Boarding
14521,MUM-GOA,2024-01-23,13:30,21,263.5,8,Platform Unavailable
14524,MUM-GOA,2024-01-23,14:45,27,153.0,4,Signal Fault
14525,MUM-GOA,2024-01-23,15:15,25,412.0,8,Weather
14526,MUM-GOA,2024-01-23,18:15,18,282.6,7,Crew Delay
14528,MUM-GOA,2024-01-23,20:30,5,283.0,4,Passenger Boarding
14532,CHE-BLR,2024-01-23,07:30,15,213.2,6,Crew Delay
14536,CHE-BLR,2024-01-23,09:00,34,868.1,6,Weather
14538,CHE-BLR,2024-01-23,13:45,20,244.8,3,Crew Delay
14542,CHE-BLR,2024-01-23,14:45,30,322.6,8,Platform Unavailable
14547,CHE-BLR,2024-01-23,22:00,22,243.5,6,Passenger Boarding
14551,DEL-JAI,2024-01-23,11:00,15,674.7,1,Weather
14552,DEL-JAI,2024-01-23,15:15,24,522.3,3,Mechanical Issue
14556,DEL-JAI,2024-01-23,16:30,13,524.1,1,Track Congestion
14557,HYD-MUM,2024-01-23,12:45,10,323.7,5,Passenger Boarding
14558,HYD-MUM,2024-01-23,16:30,34,290.6,4,Signal Fault
14563,HYD-MUM,2024-01-23,20:45,33,273.9,8,Weather
14568,MUM-DEL,2024-01-24,11:30,31,360.7,2,Signal Fault
14573,MUM-DEL,2024-01-24,15:15,17,627.4,8,Crew Delay
14578,MUM-DEL,2024-01-24,16:00,26,1018.5,1,Crew Delay
14583,MUM-DEL,2024-01-24,20:00,8,596.8,1,Platform Unavailable
14587,DEL-CHE,2024-01-24,05:15,29,154.5,6,Crew Delay
14588,DEL-CHE,2024-01-24,08:00,8,560.2,5,Mechanical Issue
14590,DEL-CHE,2024-01-24,10:00,13,532.7,6,Signal Fault
14595,DEL-CHE,2024-01-24,11:30,14,284.2,2,Track Congestion
14599,DEL-CHE,2024-01-24,14:30,5,260.6,3,Weather
14602,BLR-HYD,2024-01-24,06:00,24,152.2,8,Crew Delay
14606,BLR-HYD,2024-01-24,08:30,34,545.1,2,Weather
14610,BLR-HYD,2024-01-24,17:15,8,826.7,8,Mechanical Issue
14613,KOL-DEL,2024-01-24,07:30,30,306.4,6,Weather
14616,KOL-DEL,2024-01-24,08:45,8,497.7,8,Track Congestion
14619,KOL-DEL,2024-01-24,12:45,29,363.1,5,Passenger Boarding
14624,KOL-DEL,2024-01-24,19:15,15,496.5,2,Platform Unavailable
14629,KOL-DEL,2024-01-24,20:00,17,338.3,8,Weather
14633,MUM-GOA,2024-01-24,06:30,30,157.6,7,Track Congestion
14634,MUM-GOA,2024-01-24,10:30,26,250.6,3,Signal Fault
14639,MUM-GOA,2024-01-24,11:45,15,412.0,8,Weather
14644,MUM-GOA,2024-01-24,12:00,7,258.9,7,Passenger Boarding
14648,MUM-GOA,2024-01-24,21:00,15,165.6,7,Passenger Boarding
14653,MUM-GOA,2024-01-24,22:00,33,209.8,3,Weather
14655,CHE-BLR,2024-01-24,09:30,11,709.6,8,Mechanical Issue
14659,CHE-BLR,2024-01-24,19:30,34,726.0,5,Signal Fault
14661,CHE-BLR,2024-01-24,22:30,32,373.2,7,Weather
14665,DEL-JAI,2024-01-24,05:30,12,295.5,1,Track Congestion
14669,DEL-JAI,2024-01-24,06:45,17,216.8,7,Weather
14671,DEL-JAI,2024-01-24,16:45,20,582.4,3,Signal Fault
14675,DEL-JAI,2024-01-24,21:15,31,375.6,6,Track Congestion
14676,DEL-JAI,2024-01-24,22:15,9,349.6,3,Platform Unavailable
14680,HYD-MUM,2024-01-24,05:45,32,126.0,7,Signal Fault
14684,HYD-MUM,2024-01-24,09:45,22,482.5,7,Signal Fault
14685,HYD-MUM,2024-01-24,20:45,24,346.1,7,Signal Fault
14688,MUM-DEL,2024-01-25,11:30,27,783.7,8,Passenger Boarding
14693,MUM-DEL,2024-01-25,12:00,9,386.3,2,Track Congestion
14697,MUM-DEL,2024-01-25,13:30,12,405.8,2,Signal Fault
14698,MUM-DEL,2024-01-25,14:00,24,399.7,5,Signal Fault
14703,MUM-DEL,2024-01-25,20:30,19,465.5,8,Platform Unavailable
14706,MUM-DEL,2024-01-25,21:45,16,336.2,7,Passenger Boarding
14707,DEL-CHE,2024-01-25,06:30,23,307.8,3,Crew Delay
14711,DEL-CHE,2024-01-25,10:30,14,346.7,1,Signal Fault
14713,DEL-CHE,2024-01-25,14:00,13,469.4,5,Track Congestion
14714,DEL-CHE,2024-01-25,16:30,28,540.7,1,Track Congestion
14716,DEL-CHE,2024-01-25,17:15,16,462.2,8,Weather
14718,BLR-HYD,2024-01-25,10:00,24,456.1,3,Signal Fault
14722,BLR-HYD,2024-01-25,12:45,12,242.4,7,Platform Unavailable
14725,BLR-HYD,2024-01-25,13:15,6,344.2,6,Track Congestion
14728,BLR-HYD,2024-01-25,17:00,20,849.7,7,Mechanical Issue
14732,BLR-HYD,2024-01-25,20:45,17,301.4,4,Passenger Boarding
14737,KOL-DEL,2024-01-25,05:45,8,135.5,1,Platform Unavailable
14740,KOL-DEL,2024-01-25,09:30,15,727.6,5,Platform Unavailable
14742,KOL-DEL,2024-01-25,13:30,19,243.8,7,Passenger Boarding
14747,KOL-DEL,2024-01-25,17:15,15,543.5,3,Weather
14751,KOL-DEL,2024-01-25,18:00,5,544.6,2,Passenger Boarding
14753,KOL-DEL,2024-01-25,21:00,16,327.9,8,Signal Fault
14758,MUM-GOA,2024-01-25,05:00,35,119.8,4,Crew Delay
14763,MUM-GOA,2024-01-25,06:00,32,98.8,2,Track Congestion
14764,MUM-GOA,2024-01-25,11:15,33,244.1,3,Passenger Boarding
14768,MUM-GOA,2024-01-25,13:15,25,236.2,2,Signal Fault
14770,MUM-GOA,2024-01-25,14:30,13,174.5,6,Signal Fault
14773,CHE-BLR,2024-01-25,06:45,35,223.3,5,Mechanical Issue
14777,CHE-BLR,2024-01-25,13:15,24,318.8,4,Crew Delay
14781,CHE-BLR,2024-01-25,17:15,22,467.8,3,Signal Fault
14785,DEL-JAI,2024-01-25,06:00,29,423.8,5,Track Congestion
14786,DEL-JAI,2024-01-25,08:00,34,791.8,1,Crew Delay
14790,DEL-JAI,2024-01-25,13:45,33,603.2,6,Passenger Boarding
14794,DEL-JAI,2024-01-25,19:00,20,715.2,8,Track Congestion
14797,HYD-MUM,2024-01-25,05:45,15,140.2,6,Mechanical Issue
14802,HYD-MUM,2024-01-25,07:45,16,375.7,2,Crew Delay
14804,HYD-MUM,2024-01-25,11:30,25,487.9,5,Platform Unavailable
14806,HYD-MUM,2024-01-25,12:15,26,250.8,7,Crew Delay
14809,HYD-MUM,2024-01-25,16:30,25,295.3,2,Track Congestion
14811,HYD-MUM,2024-01-25,17:45,28,722.9,8,Passenger Boarding
14816,MUM-DEL,2024-01-26,05:15,20,212.1,5,Signal Fault
14817,MUM-DEL,2024-01-26,06:45,15,538.2,1,Mechanical Issue
14822,MUM-DEL,2024-01-26,11:45,35,1030.8,8,Crew Delay
14824,MUM-DEL,2024-01-26,16:15,6,734.8,2,Mechanical Issue
14827,DEL-CHE,2024-01-26,05:15,33,240.7,1,Track Congestion
14828,DEL-CHE,2024-01-26,06:00,31,244.9,2,Track Congestion
14830,DEL-CHE,2024-01-26,08:00,7,665.6,4,Track Congestion
14831,DEL-CHE,2024-01-26,15:45,15,629.2,7,Signal Fault
14832,DEL-CHE,2024-01-26,16:15,29,614.0,4,Platform Unavailable
14836,DEL-CHE,2024-01-26,20:15,9,596.3,5,Mechanical Issue
14838,BLR-HYD,2024-01-26,08:00,29,929.4,7,Platform Unavailable
14839,BLR-HYD,2024-01-26,10:00,10,627.0,1,Platform Unavailable
14841,BLR-HYD,2024-01-26,16:30,27,589.0,8,Mechanical Issue
14843,BLR-HYD,2024-01-26,19:15,18,889.0,8,Passenger Boarding
14847,KOL-DEL,2024-01-26,06:00,16,259.9,5,Track Congestion
14848,KOL-DEL,2024-01-26,10:00,21,565.0,2,Platform Unavailable
14850,KOL-DEL,2024-01-26,14:30,19,292.3,4,Mechanical Issue
14854,KOL-DEL,2024-01-26,20:30,26,1063.2,3,Crew Delay
14858,MUM-GOA,2024-01-26,05:30,24,137.3,6,Weather
14859,MUM-GOA,2024-01-26,06:00,10,244.1,3,Platform Unavailable
14863,MUM-GOA,2024-01-26,10:45,28,436.9,4,Track Congestion
14864,MUM-GOA,2024-01-26,15:30,12,389.6,6,Signal Fault
14866,MUM-GOA,2024-01-26,21:30,32,370.9,7,Mechanical Issue
14870,MUM-GOA,2024-01-26,22:45,6,238.6,8,Platform Unavailable
14873,CHE-BLR,2024-01-26,10:30,25,1085.8,4,Track Congestion
14878,CHE-BLR,2024-01-26,11:30,27,774.4,1,Weather
14882,CHE-BLR,2024-01-26,19:00,19,1017.1,8,Track Congestion
14884,CHE-BLR,2024-01-26,22:15,24,295.0,5,Mechanical Issue
14885,DEL-JAI,2024-01-26,07:45,13,693.5,8,Crew Delay
14889,DEL-JAI,2024-01-26,11:45,15,533.4,4,Track Congestion
14890,DEL-JAI,2024-01-26,12:15,18,605.5,1,Mechanical Issue
14895,DEL-JAI,2024-01-26,22:00,18,441.9,1,Platform Unavailable
14898,HYD-MUM,2024-01-26,06:00,9,167.7,4,Crew Delay
14902,HYD-MUM,2024-01-26,08:30,5,758.3,2,Mechanical Issue
14906,HYD-MUM,2024-01-26,12:30,19,565.1,1,Mechanical Issue
14910,HYD-MUM,2024-01-26,19:15,25,444.2,6,Crew Delay
14911,HYD-MUM,2024-01-26,20:00,21,438.0,6,Passenger Boarding
14912,HYD-MUM,2024-01-26,21:30,30,370.5,4,Track Congestion
14915,MUM-DEL,2024-01-27,05:00,16,208.4,1,Track Congestion
14917,MUM-DEL,2024-01-27,06:15,22,247.2,2,Platform Unavailable
14921,MUM-DEL,2024-01-27,16:15,25,846.4,2,Platform Unavailable
14924,MUM-DEL,2024-01-27,19:15,15,686.1,4,Passenger Boarding
14925,MUM-DEL,2024-01-27,21:30,6,478.3,5,Signal Fault
14930,DEL-CHE,2024-01-27,13:00,19,359.4,5,Signal Fault
14934,DEL-CHE,2024-01-27,16:30,11,454.6,2,Platform Unavailable
14935,DEL-CHE,2024-01-27,19:00,14,983.9,3,Crew Delay
14937,DEL-CHE,2024-01-27,20:00,20,710.8,3,Signal Fault
14941,DEL-CHE,2024-01-27,21:15,14,338.3,1,Passenger Boarding
14943,BLR-HYD,2024-01-27,12:00,32,487.9,1,Signal Fault
14948,BLR-HYD,2024-01-27,16:30,20,482.7,6,Crew Delay
14951,BLR-HYD,2024-01-27,18:45,33,745.9,3,Track Congestion
14954,BLR-HYD,2024-01-27,20:15,16,330.3,8,Mechanical Issue
14959,KOL-DEL,2024-01-27,09:45,27,966.9,3,Track Congestion
14961,KOL-DEL,2024-01-27,14:30,10,566.4,3,Mechanical Issue
14964,KOL-DEL,2024-01-27,16:00,19,937.5,3,Crew Delay
14967,MUM-GOA,2024-01-27,06:30,22,224.2,3,Signal Fault
14969,MUM-GOA,2024-01-27,10:00,29,608.0,8,Crew Delay
14972,MUM-GOA,2024-01-27,11:45,25,324.1,6,Track Congestion
14977,MUM-GOA,2024-01-27,15:45,30,319.5,3,Crew Delay
14978,MUM-GOA,2024-01-27,22:45,33,191.3,8,Track Congestion
14979,CHE-BLR,2024-01-27,05:45,16,111.3,8,Crew Delay
14984,CHE-BLR,2024-01-27,08:30,23,1047.8,4,Weather
14985,CHE-BLR,2024-01-27,14:15,11,343.6,5,Platform Unavailable
14989,CHE-BLR,2024-01-27,22:00,21,287.8,2,Track Congestion
14993,DEL-JAI,2024-01-27,06:30,16,355.4,7,Mechanical Issue
14997,DEL-JAI,2024-01-27,15:30,14,1061.0,6,Signal Fault
15001,DEL-JAI,2024-01-27,19:00,28,1264.4,8,Signal Fault
15005,DEL-JAI,2024-01-27,20:45,28,892.5,7,Weather
15010,HYD-MUM,2024-01-27,07:45,34,232.0,2,Track Congestion
15012,HYD-MUM,2024-01-27,09:45,18,1020.5,5,Platform Unavailable
15014,HYD-MUM,2024-01-27,11:45,11,303.6,3,Passenger Boarding
15017,HYD-MUM,2024-01-27,21:45,31,361.0,1,Signal Fault
15020,MUM-DEL,2024-01-28,05:00,8,255.7,8,Weather
15021,MUM-DEL,2024-01-28,12:45,5,778.3,4,Passenger Boarding
15024,MUM-DEL,2024-01-28,17:30,24,753.5,2,Platform Unavailable
15028,MUM-DEL,2024-01-28,19:45,25,744.8,5,Mechanical Issue
15031,MUM-DEL,2024-01-28,20:00,32,689.3,1,Signal Fault
15035,DEL-CHE,2024-01-28,06:15,16,217.8,5,Crew Delay
15037,DEL-CHE,2024-01-28,09:30,21,1167.8,2,Crew Delay
15040,DEL-CHE,2024-01-28,12:15,22,352.5,3,Track Congestion
15043,DEL-CHE,2024-01-28,15:30,26,390.3,5,Passenger Boarding
15047,BLR-HYD,2024-01-28,09:00,29,858.2,6,Weather
15049,BLR-HYD,2024-01-28,16:45,8,569.3,3,Signal Fault
15054,BLR-HYD,2024-01-28,22:15,30,234.2,4,Platform Unavailable
15057,KOL-DEL,2024-01-28,07:00,16,538.8,8,Passenger Boarding
15060,KOL-DEL,2024-01-28,18:30,10,1126.8,6,Platform Unavailable
15062,KOL-DEL,2024-01-28,19:00,9,527.7,4,Mechanical Issue
15063,MUM-GOA,2024-01-28,07:00,7,257.1,2,Signal Fault
15064,MUM-GOA,2024-01-28,09:45,8,397.5,4,Platform Unavailable
15065,MUM-GOA,2024-01-28,11:00,6,317.7,5,Passenger Boarding
15066,MUM-GOA,2024-01-28,14:30,30,228.8,2,Platform Unavailable
15071,CHE-BLR,2024-01-28,05:00,35,237.1,5,Signal Fault
15076,CHE-BLR,2024-01-28,10:30,21,670.0,4,Crew Delay
15078,CHE-BLR,2024-01-28,11:00,21,828.9,1,Signal Fault
15079,CHE-BLR,2024-01-28,16:15,28,761.8,1,Crew Delay
15082,DEL-JAI,2024-01-28,16:15,10,960.2,2,Track Congestion
15083,DEL-JAI,2024-01-28,20:45,18,738.1,4,Track Congestion
15086,DEL-JAI,2024-01-28,21:30,20,983.5,3,Passenger Boarding
15090,DEL-JAI,2024-01-28,22:30,15,366.8,2,Crew Delay
15095,HYD-MUM,2024-01-28,14:30,12,243.8,8,Passenger Boarding
15096,HYD-MUM,2024-01-28,17:45,11,650.8,7,Signal Fault
15100,HYD-MUM,2024-01-28,19:45,26,435.4,1,Mechanical Issue
15102,MUM-DEL,2024-01-29,07:00,28,512.6,2,Weather
15107,MUM-DEL,2024-01-29,17:00,11,850.8,6,Platform Unavailable
15111,MUM-DEL,2024-01-29,19:45,28,1001.7,7,Track Congestion
15115,DEL-CHE,2024-01-29,12:45,29,318.4,3,Track Congestion
15117,DEL-CHE,2024-01-29,13:00,12,495.2,8,Crew Delay
15118,DEL-CHE,2024-01-29,15:00,20,614.7,2,Mechanical Issue
15121,DEL-CHE,2024-01-29,16:15,9,467.8,6,Signal Fault
15125,DEL-CHE,2024-01-29,17:00,30,412.2,8,Mechanical Issue
15126,BLR-HYD,2024-01-29,13:30,35,235.6,1,Passenger Boarding
15130,BLR-HYD,2024-01-29,14:45,32,422.7,6,Weather
15133,BLR-HYD,2024-01-29,20:45,22,315.0,3,Crew Delay
15137,BLR-HYD,2024-01-29,21:15,27,255.4,5,Mechanical Issue
15140,KOL-DEL,2024-01-29,07:00,24,260.8,7,Passenger Boarding
15143,KOL-DEL,2024-01-29,08:30,9,623.7,1,Weather
15146,KOL-DEL,2024-01-29,12:30,29,284.4,1,Platform Unavailable
15149,KOL-DEL,2024-01-29,13:45,18,445.6,6,Signal Fault
15152,KOL-DEL,2024-01-29,20:00,25,398.8,4,Passenger Boarding
15155,KOL-DEL,2024-01-29,21:00,8,231.2,5,Signal Fault
15164,MUM-GOA,2024-01-29,06:00,15,136.8,7,Mechanical Issue
15168,MUM-GOA,2024-01-29,12:00,15,189.6,4,Track Congestion
15170,MUM-GOA,2024-01-29,15:30,18,398.6,6,Platform Unavailable
15171,CHE-BLR,2024-01-29,05:45,14,91.9,2,Weather
15173,CHE-BLR,2024-01-29,07:30,18,395.7,8,Signal Fault
15176,CHE-BLR,2024-01-29,09:30,21,503.0,5,Signal Fault
15180,CHE-BLR,2024-01-29,11:45,18,325.4,4,Track Congestion
15181,CHE-BLR,2024-01-29,14:30,33,321.1,3,Mechanical Issue
15186,CHE-BLR,2024-01-29,19:15,13,548.2,8,Track Congestion
15190,DEL-JAI,2024-01-29,06:15,32,320.4,5,Crew Delay
15192,DEL-JAI,2024-01-29,07:45,25,506.8,2,Weather
15197,DEL-JAI,2024-01-29,10:45,13,888.2,3,Track Congestion
15198,DEL-JAI,2024-01-29,11:15,11,522.4,3,Passenger Boarding
15203,DEL-JAI,2024-01-29,12:15,20,393.9,8,Platform Unavailable
15205,DEL-JAI,2024-01-29,21:45,11,493.8,1,Weather
15210,HYD-MUM,2024-01-29,09:00,33,510.9,2,Signal Fault
15212,HYD-MUM,2024-01-29,13:30,17,184.5,2,Mechanical Issue
15217,HYD-MUM,2024-01-29,17:15,21,687.9,2,Crew Delay
15218,HYD-MUM,2024-01-29,19:30,24,460.0,4,Platform Unavailable
15222,MUM-DEL,2024-01-30,11:15,13,669.4,4,Signal Fault
15227,MUM-DEL,2024-01-30,12:45,20,509.4,1,Signal Fault
15231,MUM-DEL,2024-01-30,15:30,22,407.0,6,Passenger Boarding
15233,MUM-DEL,2024-01-30,17:45,33,472.9,5,Mechanical Issue
15238,MUM-DEL,2024-01-30,19:30,5,741.8,5,Weather
15239,DEL-CHE,2024-01-30,06:45,33,174.6,6,Mechanical Issue
15242,DEL-CHE,2024-01-30,12:15,34,309.8,7,Weather
15244,DEL-CHE,2024-01-30,13:30,14,384.8,4,Mechanical Issue
15248,BLR-HYD,2024-01-30,15:00,20,343.6,8,Passenger Boarding
15250,BLR-HYD,2024-01-30,17:30,31,425.0,2,Weather
15255,BLR-HYD,2024-01-30,18:30,24,474.1,7,Crew Delay
15257,BLR-HYD,2024-01-30,19:30,25,465.5,1,Mechanical Issue
15262,KOL-DEL,2024-01-30,05:30,12,103.9,3,Platform Unavailable
15266,KOL-DEL,2024-01-30,08:15,19,495.4,6,Weather
15269,KOL-DEL,2024-01-30,09:15,30,753.3,6,Mechanical Issue
15273,KOL-DEL,2024-01-30,15:15,17,531.5,3,Mechanical Issue
15274,KOL-DEL,2024-01-30,17:15,34,1070.7,4,Platform Unavailable
15278,KOL-DEL,2024-01-30,22:45,6,272.1,3,Crew Delay
15282,MUM-GOA,2024-01-30,07:00,29,272.8,7,Signal Fault
15285,MUM-GOA,2024-01-30,09:45,11,595.5,4,Mechanical Issue
15287,MUM-GOA,2024-01-30,10:30,18,273.7,3,Track Congestion
15289,MUM-GOA,2024-01-30,13:15,18,251.7,4,Weather
15291,MUM-GOA,2024-01-30,14:45,13,153.9,5,Platform Unavailable
15292,MUM-GOA,2024-01-30,20:45,7,342.7,8,Weather
15293,CHE-BLR,2024-01-30,08:45,7,445.3,5,Track Congestion
15296,CHE-BLR,2024-01-30,09:00,20,1294.3,4,Signal Fault
15300,CHE-BLR,2024-01-30,15:00,14,711.0,7,Crew Delay
15302,CHE-BLR,2024-01-30,16:30,23,724.0,1,Track Congestion
15306,CHE-BLR,2024-01-30,17:30,33,947.1,6,Track Congestion
15309,CHE-BLR,2024-01-30,21:15,9,528.0,7,Weather
15312,DEL-JAI,2024-01-30,06:45,14,307.7,7,Platform Unavailable
15316,DEL-JAI,2024-01-30,09:30,15,809.3,3,Crew Delay
15318,DEL-JAI,2024-01-30,15:15,6,508.1,8,Signal Fault
15319,HYD-MUM,2024-01-30,05:45,18,108.0,8,Weather
15323,HYD-MUM,2024-01-30,06:45,19,252.2,8,Weather
15324,HYD-MUM,2024-01-30,10:00,16,290.1,2,Crew Delay
15329,HYD-MUM,2024-01-30,12:15,28,344.0,3,Passenger Boarding
